<?xml version="1.0" encoding="UTF-8"?>
<!DOCTYPE suite SYSTEM "https://testng.org/testng-1.0.dtd">
<suite name="Suite">
  <test thread-count="5" name="Test">
    <classes>
      <class name="functions.live.A_testClass_dailyCheckPointList"/>
      
       <methods>
      
      
			 <include name="userDetails"  />
			 
			 <include name="createForMonitor" />
			
			 
			<include name="createInfoEventByAttributeSchedule"  /> 
			<include name="createInfoEventByResourceSchedule"  /> 
			<include name="createInfoEventByFighterSchedule"  /> 
			  
			<include name="createTestAlarmByAttributeRecursiveMontlyDateWise"  /> 
			  
			
			 
			<include name="createAvailabilityRequestSendImmediat"  />
			<include name="createAvailabilityRequestSendSchedule"  />
			<include name="createAvailabilityRequestSendRecursive"  />
			<include name="createAvailabilityRequestSendMultipleDays"  />
			<include name="SendMassagetoARUsers"  />
			
			 
			  
			
			 
			
			
			
			<include name="createInformationByAttribute"  />
			<include name="createInformationByResource"  />
			<include name="createInformationByFirefighter"  />
			<include name="sendMassageToinfoUsers"/>"
			
			<include name="createInfoEventByAttribute"/>
			<include name="createInfoEventByResource"/>
			<include name="createInfoEventByFirefighter"/>
			<include name="sendMassageToinfoEventUsers"/>
			
			
			
			
			<include name="createManualAlarmByAttribute"  />
			<include name="createManualAlarmByResource"  />
			<include name="createManualAlarmByFireFighte"  />
			<include name="createManualAlarmByEscalationResource"/>
			<include name="extendAlarmToSecondStation"/>
			
			<include name="sendMassageToAlarmUser"/>
			
			<include name="sendMassageToTestAlarmUsers"  />
			
			
			
			
			<exclude name="creteStationMonitorUser"  />
			
			
			
			
			
			  
			 <exclude name="createInformationByFirefighter"  />
			 
			 <include name="detailsAboutScript"  /> 
		
      </methods>
      
      
    </classes>
  </test> <!-- Test -->
</suite> <!-- Suite -->
