<?xml version="1.0" encoding="UTF-8"?>
<!DOCTYPE suite SYSTEM "https://testng.org/testng-1.0.dtd">
<suite name="Suite">
  <test thread-count="5" name="Test">
    <classes>
      <class name="augele_live.A_testClass_dailyCheckPointList"/>
      
       <methods>
				<include name="userDetails"  />
		
			<include name="extendStormAlarm"/> 
			
		 
			
			
			
			
			
			
			
			
			
			<exclude name="addFireStation"  />
			<exclude name="addVehicleUserForNewStation"  />
			<exclude name="CreateAttributeForNewStation"  />
			<exclude name="addResourceForNewStation"  />
			<exclude name="addFirefighterForNewStation" />
			<exclude name="addNewStationUserForNewStation"  />
		    <exclude name="createManualAlarmByNewAttributeForNewStation" />
			<exclude name="createManualAlarmByNewResourceForNewStation" />
			<exclude name="createManualAlarmByNewFireighterForNewStation" />
			<exclude name="addVehicleUser"  />	
			 
			
			
			 <include name="detailsAboutScript"  /> 
      </methods>
    </classes>
  </test> <!-- Test -->
</suite> <!-- Suite -->
