<?xml version="1.0" encoding="UTF-8"?>
<!DOCTYPE suite SYSTEM "https://testng.org/testng-1.0.dtd">
<suite name="Suite">
  <test thread-count="5" name="Test">
    <classes>
      <class name="augele_live.A_testClass_dailyCheckPointList"/>
      <methods>
      
      
			<include name="userDetails"  />
			 
			
			 
			<include name="createManualAlarmByAttribute"  />
			<include name="createManualAlarmByResource"  />
			<include name="createManualAlarmByFireFighte"  />
			<include name="createManualAlarmByEscalationResource"/> 
			<include name="createLowPriorityManualAlarmByAttribute"  />
			<include name="extendAlarmToSecondStation"/>
			<include name="createStormAlarm"/> 
			<include name="extendStormAlarm"/> 
			
		    <include name="sendmessageToAlarmUser"/>
			
			 
			<include name="createTestAlarmByAttributeOneTime"  />
        	<include name="createTestAlarmByAttributeRecursivedaily"  />
        	<include name="createTestAlarmByAttributeRecursiveWeekly"  />
        	<include name="testAlarmByRecursiveMonthlyDayWise"  />
        	<include name="createTestAlarmByAttributeRecursiveMontlyDateWise"  /> 
			
			<include name="createMonitorInformation01" />
			<include name="createMonitorInformation02"  />
		
			
			
			<include name="createInfoEventByAttributeSchedule"  /> 
			<include name="createInfoEventByResourceSchedule"  /> 
			<include name="createInfoEventByFighterSchedule"  /> 
			
			<include name="cretecalendarEventAttributeSchedule"  /> 
			<include name="cretecalendarEventResourceSchedule"  /> 
			<include name="cretecalendarEventFirefighterSchedule"  /> 
			  
			<include name="createAvailabilityRequestSendImmediat"  />
			<include name="createAvailabilityRequestSendSchedule"  />
			<include name="createAvailabilityRequestSendRecursive"  />
			<include name="createAvailabilityRequestSendMultipleDays"  />
			  
			
		    <include name="createInformationByAttribute"  />
			<include name="createInformationByResource"  />
			<include name="createInformationByFirefighter"  />
		
		    <include name="createInfoEventByAttribute"/>
			<include name="createInfoEventByResource"/>
			<include name="createInfoEventByFirefighter"/>
			
			
			<include name="createChatGrouForStation06Users"/>
			<include name="sendMessageChatGrouForStation06Users"  />
			
			<include name="createNormalCheckList"  />
			<include name="createAlarmCheckList"  />
			
			
			<include name="SendmessagetoARUsers"  />
			<include name="sendmessageToinfoUsers"/>"
			<include name="sendmessageToinfoEventUsers"/>
		
			<include name="sendmessageToTestAlarmUsers"  />
					
			
            <include name="createPermissionGroupDefaultStation"  />
            
            
            <include name="CreateAttributeForDepartment"  />
            
             
             <include name="createResource"  /> 
		     <include name="createAlamLoop"  /> 
            <include name="createAlamTemplate"  /> 
             <include name="addEventCategory"  /> 
		 
			
			
			
			
			
			
			
			
			
			
			
			
			
			
			
			
			
			
			
			
			
			
			
			
			
			
			
			
			
			
			<exclude name="creteStationMonitorUser"  />
			
			
			
			
			
			  
			 <exclude name="createInformationByFirefighter"  />
			 
			 <include name="detailsAboutScript"  /> 
		
      </methods>
      
    </classes>
  </test> <!-- Test -->
</suite> <!-- Suite -->
