<?xml version="1.0" encoding="UTF-8"?>
<!DOCTYPE suite SYSTEM "https://testng.org/testng-1.0.dtd">
<suite name="Suite">
  <test thread-count="5" name="Test">
    <classes>
      <class name="augele_live.AA_testClass_delete"/>
      <methods>
			
						<include name="userDetails"  />	
					
					
			<include name="deleteManualAlarm" />
				
				
			
				
				  <exclude name="deleteTestAlarmFromList" />
			    <exclude name="deleteTestAlarmFromOverview" />

				<include name="detailsAboutScript"  /> 
			</methods>

      
    </classes>
  </test> <!-- Test -->
</suite> <!-- Suite -->
